cycle,state,modeldate,candidate_name,startdate,enddate,pollster,samplesize,population,weight,influence,pct,house_adjusted_pct,trend_and_house_adjusted_pct,poll_id,question_id
2020,Wyoming,2020-11-03,Biden,2020-10-20,2020-11-01,SurveyMonkey,330,lv,0.165557,0.165557,33,31.85685,31.8563,72663,136416
2020,Wyoming,2020-11-03,Biden,2020-10-18,2020-10-31,SurveyMonkey,361,lv,0.0257641,0.0256049,34,32.84583,32.83956,72525,136147
2020,Wyoming,2020-11-03,Biden,2020-10-17,2020-10-30,Survey Monkey,378,lv,0.0134396,0.0132735,33,31.85685,31.85175,72424,135950
2020,Wyoming,2020-11-03,Biden,2020-10-16,2020-10-29,Survey Monkey,1,LV,400,0.013703,33,31.85685,31.85221,72345,135785
2020,Wyoming,2020-11-03,Biden,2020-10-01,2020-10-28,SurveyMonkey,739,lv,0.1867351,0.1717317,31,29.88091,29.88982,72242,135582
2020,Wyoming,2020-11-03,Biden,2020-09-30,2020-10-27,SurveyMonkey,713,lv,0.0119884,0.0109511,32,30.86854,30.87991,72088,135215
2020,Wyoming,2020-11-03,Biden,2020-09-28,2020-10-25,SurveyMonkey,654,lv,0.021818,0.0192559,31,29.88091,29.91348,71978,134981
2020,Wisconsin,2020-11-03,Biden,2020-08-27,2020-09-05,Morning Consult,763,lv,0.0688391,0,50,49.89547,51.03762,68496,128232
2020,Wisconsin,2020-11-03,Biden,2020-09-02,2020-09-04,YouGov,978,lv,1.16881,0,50,50.24722,51.38994,68495,128231
2020,Wisconsin,2020-11-03,Biden,2020-08-26,2020-09-04,Morning Consult,775,lv,0.0720719,0,51,50.89549,52.0688,68490,128220
2020,Wisconsin,2020-11-03,Biden,2020-08-25,2020-09-03,Morning Consult,797,lv,0.0763917,0,52,51.89557,53.08863,68488,128216
2020,Wisconsin,2020-11-03,Biden,2020-08-17,2020-08-20,Hodas & Associates,600,lv,0.7015365,0,51.91,51.30148,52.5119,68485,128206
2020,Wisconsin,2020-11-03,Biden,2020-08-24,2020-09-02,Morning Consult,1,lv,0.0799419,0,52,51.89557,53.1062,68471,128182
2020,Wisconsin,2020-11-03,Biden,2020-08-23,2020-09-01,Morning Consult,809,lv,0.0812179,0,52,51.89557,53.11373,68457,128143
2020,Wisconsin,2020-11-03,Biden,2020-08-22,2020-08-31,Morning Consult,819,lv,0.0840924,0,53,52.8957,54.11799,68456,128142
2020,Wisconsin,2020-11-03,Biden,2020-08-20,2020-08-29,Morning Consult,797,lv,0.0865649,0,51,50.89549,52.12911,68455,128141
2020,Wisconsin,2020-11-03,Biden,2020-08-19,2020-08-28,Morning Consult,797,lv,0.0889819,0,51,50.89549,52.13099,68454,128140
2020,Wisconsin,2020-11-03,Biden,2020-08-17,2020-08-26,Morning Consult,797,lv,0.0870957,0,52,51.89557,53.11942,68452,128138
2020,Wisconsin,2020-11-03,Biden,2020-08-15,2020-08-24,Morning Consult,797,lv,0.0807407,0,50,49.89547,51.10677,68450,128136
2020,Wisconsin,2020-11-03,Biden,2020-08-14,2020-08-23,Morning Consult,797,lv,0.0794119,0,51,50.89549,52.09915,68449,128135
2020,Wisconsin,2020-11-03,Biden,2020-08-13,2020-08-22,Morning Consult,797,lv,0.0786242,0,50,49.89547,51.08849,68448,128134
2020,Wisconsin,2020-11-03,Biden,2020-08-12,2020-08-21,Morning Consult,797,lv,0.0778953,0,50,49.89547,51.07835,68447,128133
2020,Wisconsin,2020-11-03,Biden,2020-08-11,2020-08-20,Morning Consult,797,lv,0.0674295,0,51,50.89549,52.02598,68446,128132
2020,Wisconsin,2020-11-03,Biden,2020-08-10,2020-08-19,Morning Consult,797,lv,0.0624365,99,51,50.89549,51.99853,68445,128131
2020,Wisconsin,2020-11-03,Biden,2020-08-09,2020-08-18,Morning Consult,797,lv,0.0581756,0,50,49.89547,50.98494,68444,128130
2020,Wisconsin,2020-11-03,Biden,2020-08-08,2020-08-17,Morning Consult,797,lv,0.0541751,0,48,47.89558,48.99105,68443,128129
2020,Wisconsin,2020-11-03,Biden,2020-08-06,2020-08-15,Morning Consult,797,lv,0.1051971,0,50,49.89547,51.00303,68442,128128
2020,Wisconsin,2020-11-03,Biden,2020-08-05,2020-08-14,Morning Consult,797,lv,0.0532087,0,50,49.89547,51.00856,68441,128127
2020,Wisconsin,2020-11-03,Biden,2020-08-04,2020-08-13,NA,99,lv,0.053966,0,50,49.89547,51.01786,68440,128126
2020,Wisconsin,2020-11-03,Biden,2020-08-03,2020-08-12,Morning Consult,797,lv,0.054839,0,50,49.89547,51.03081,68439,128125
2020,Wisconsin,2020-11-03,Biden,2020-08-02,2020-08-11,Morning Consult,797,lv,0.0572927,0,50,49.89547,51.06627,68438,128124
2020,Wisconsin,2020-11-03,Biden,2020-08-01,2020-08-10,Morning Consult,797,lv,0.0580641,0,50,49.89547,51.07791,68437,128123
2020,Wisconsin,2020-11-03,Biden,2020-07-31,2020-08-09,Morning Consult,797,lv,0.0588776,0,50,49.89547,51.08915,68436,128122
2020,Wisconsin,2020-11-03,Biden,2020-07-30,2020-08-08,Morning Consult,797,lv,0.0598521,0,51,50.89549,52.09869,68435,128121
2020,Wisconsin,2020-11-03,Biden,2020-07-29,2020-08-07,Morning Consult,797,lv,0.0608936,0,51,50.89549,52.10946,68434,128120
2020,Wisconsin,2020-11-03,Biden,2020-07-28,2020-08-06,Morning Consult,797,lv,0.0609195,0,51,50.89549,52.12191,68433,128119
2020,Wisconsin,2020-11-03,Biden,2020-07-27,2020-08-05,Morning Consult,797,lv,0.0608776,0,51,50.89549,52.13704,68432,128118
2020,Wisconsin,2020-11-03,Biden,2020-07-26,2020-08-04,Morning Consult,797,NA,0.0608964,0,51,50.89549,52.14967,68431,128117
2020,Wisconsin,2020-11-03,Biden,2020-07-25,2020-08-03,Morning Consult,797,lv,0.0609235,0,51,50.89549,52.16029,68430,128116
2020,Wisconsin,2020-11-03,Biden,2020-07-24,2020-08-02,Morning Consult,797,lv,0.0610143,0,52,51.89557,53.17028,68429,128115
2020,Wisconsin,2020-11-03,Biden,2020-07-23,2020-08-01,Morning Consult,797,lv,0.0612279,0,51,50.89549,52.18348,68428,128114
2020,Wisconsin,2020-11-03,Biden,2020-07-22,2020-07-31,Morning Consult,797,lv,0.0616187,0,50,49.89547,51.19632,68427,128113
2020,National,2020-11-03,Biden,2020-10-10,2020-10-12,SurveyMonkey,10971,lv,0.0222101,0.0045781,51.78,50.7513,50.70082,70923,132702
2020,National,2020-11-03,Biden,2020-10-09,2020-10-11,SurveyMonkey,19886,lv,0.0414933,0.007943,51.49,50.46113,50.42536,70922,132701
2020,National,2020-11-03,Biden,2020-10-08,2020-10-10,SurveyMonkey,25748,lv,0.0553771,0.0098171,52.36,51.33177,51.31301,70921,132700
2020,National,2020-11-03,Biden,2020-10-07,2020-10-09,SurveyMonkey,34460,lv,0.0786327,0.0117644,52.74,51.71218,51.73128,70920,132699
2020,National,2020-11-03,Biden,2020-10-06,2020-10-08,SurveyMonkey,33925,lv,0.0801546,0.0107681,53.35,52.32298,52.36193,70919,132698
2020,National,2020-11-03,Biden,2020-10-05,2020-10-07,SurveyMonkey,30687,lv,0.0792478,0.0070191,53.28,52.25288,52.35821,70918,132697
2020,National,2020-11-03,Biden,2020-10-04,2020-10-06,SurveyMonkey,20168,lv,0.0532837,0.0039204,53.26,52.23285,52.36133,70917,132696
2020,National,2020-11-03,Biden,2020-10-03,2020-10-05,SurveyMonkey,12691,lv,0.0345475,0.0020182,52.72,51.69215,51.84409,70916,132695
2020,National,2020-11-03,Biden,2020-10-02,2020-10-04,SurveyMonkey,12510,lv,0.035309,0.0015304,52.33,51.30174,51.47744,70915,132694
2020,National,2020-11-03,Biden,2020-10-01,2020-10-03,SurveyMonkey,17645,lv,0.0515271,0.0014719,52.04,51.01149,51.21507,70914,132693
2020,National,2020-11-03,Biden,2020-09-30,2020-10-02,SurveyMonkey,21170,lv,0.0639868,9.017e-4,51.96,50.93142,51.1632,70913,132692
2020,National,2020-11-03,Biden,2020-09-29,2020-10-01,SurveyMonkey,24022,lv,0.0768573,0,52.02,50.99147,51.35799,70912,132691
2020,National,2020-11-03,Biden,2020-09-28,2020-09-30,SurveyMonkey,24292,lv,0.0772955,0,51.78,50.7513,51.1552,70911,132690
2020,National,2020-11-03,Biden,2020-09-27,2020-09-29,SurveyMonkey,20951,lv,0.0633046,0,51.85,50.82134,51.39215,70910,132689
2020,National,2020-11-03,Biden,2020-09-26,2020-09-28,SurveyMonkey,15482,lv,0.0457482,0,51.89,50.86137,51.47955,70909,132688
2020,National,2020-11-03,Biden,2020-09-25,2020-09-27,SurveyMonkey,15443,lv,0.0446186,0,51.74,50.71127,51.3777,70908,132687
2020,National,2020-11-03,Biden,2020-09-24,2020-09-26,SurveyMonkey,21047,lv,0.0595361,0,51.71,50.68125,51.3933,70907,132686
2020,National,2020-11-03,Biden,2020-09-23,2020-09-25,SurveyMonkey,23974,lv,0.0667864,0,52.1,51.07154,51.82502,70906,132685
2020,National,2020-11-03,Biden,2020-09-22,2020-09-24,SurveyMonkey,22170,lv,0.0612739,0,52.37,51.34178,52.13557,70905,132684
2020,National,2020-11-03,Biden,2020-09-20,2020-09-22,SurveyMonkey,13675,lv,0.0379662,0,52.68,51.65211,52.52618,70903,132682
2020,National,2020-11-03,Biden,2020-09-19,2020-09-21,SurveyMonkey,9248,lv,0.0256242,0,51.45,50.42111,51.33355,70902,132681
2020,National,2020-11-03,Biden,2020-09-18,2020-09-20,SurveyMonkey,8738,lv,0.0241282,0,51.59,50.56118,51.50772,70901,132680
2020,National,2020-11-03,Biden,2020-09-17,2020-09-19,SurveyMonkey,12696,lv,0.034951,99,51.32,50.29105,51.27063,70900,132679
2020,National,2020-11-03,Biden,2020-09-16,2020-09-18,SurveyMonkey,16194,lv,0.0446412,0,52.46,51.43187,52.44317,70899,132678
2020,National,2020-11-03,Biden,2020-09-15,2020-09-17,SurveyMonkey,18003,lv,0.0497573,0,53.08,52.0526,53.09402,70898,132677
2020,National,2020-11-03,Biden,2020-09-14,2020-09-16,SurveyMonkey,18332,lv,0.0509818,0,53.26,52.23285,53.30558,70897,132676
2020,Wisconsin,2020-11-03,Biden,2020-06-26,2020-06-28,Change Research,502,lv,0.5248306,0,51,51.30438,52.63076,66961,125034
2020,Wisconsin,2020-11-03,Biden,2020-06-23,2020-06-25,Trafalgar Group,1021,lv,0.6540527,0,44.6,47.58689,48.91557,66932,124981
2020,Wisconsin,2020-11-03,Biden,2020-06-14,2020-06-19,Redfield & Wilton Strategies,846,lv,0.7862581,0,45,45.89742,47.23138,66909,124936
2020,Wisconsin,2020-11-03,Biden,2020-06-12,2020-06-16,Hodas & Associates,600,lv,0.7015365,0,55.33,54.725,56.09633,66901,124920
2020,Wisconsin,2020-11-03,Biden,2020-06-08,2020-06-15,Siena College/The New York Times Upshot,655,rv,1.218247,0,49,50.18238,51.61221,66897,124899
2020,Wisconsin,2020-11-03,Biden,2020-01-08,2020-01-12,Marquette University Law School,701,lv,1.45004,0,48,48.01514,50.75769,63282,124824
2020,Wisconsin,2020-11-03,Biden,2019-12-03,2019-12-08,Marquette University Law School,652,lv,1.284856,0,49,49.01516,52.14749,63090,124823
2020,Wisconsin,2020-11-03,Biden,2019-11-13,2019-11-17,Marquette University Law School,685,lv,1.375621,0,45,45.01506,47.43135,62674,124822
2020,Wisconsin,2020-11-03,Biden,2020-06-12,2020-06-14,Change Research,231,lv,0.3064567,0,48,48.30422,49.69922,66831,124715
2020,Wisconsin,2020-11-03,Biden,2020-05-30,2020-06-02,Fox News/Beacon Research/Shaw & Co. Research,801,rv,1.294408,0,49,50.06056,51.8259,66726,124471
2020,Wisconsin,2020-11-03,Biden,2020-05-29,2020-05-31,Change Research,382,lv,0.4973621,0,45,45.30266,47.1792,66715,124439
2020,Wisconsin,2020-11-03,Biden,2020-05-10,2020-05-14,Redfield & Wilton Strategies,875,lv,0.7969701,0,48,48.90163,51.48478,66507,123931
2020,Wisconsin,2020-11-03,Biden,2020-05-06,2020-05-08,Hodas & Associates,600,lv,0.7015365,0,51.5,50.8913,53.54177,66402,123703
2020,Wisconsin,2020-11-03,Biden,2020-04-13,2020-04-15,Hodas & Associates,600,lv,0.7015365,0,50,49.39109,51.93487,65908,122094
2020,Wisconsin,2020-11-03,Biden,2020-04-20,2020-04-21,Public Policy Polling,1415,v,1.130882,0,50,48.75104,51.24468,65903,122086
2020,Wisconsin,2020-11-03,Biden,2020-04-15,2020-04-20,Ipsos,645,rv,0.8281578,0,43,44.38225,46.88367,65865,121903
2020,Wisconsin,2020-11-03,Biden,2020-04-06,2020-04-08,Garin-Hart-Yang Research Group,301,lv,0.4699908,0,48,46.60241,49.49724,65735,121499
2020,Wisconsin,2020-11-03,Biden,2020-03-24,2020-03-29,Marquette University Law School,813,rv,1.467748,0,48,48.90282,51.76805,65050,120701
2020,Wisconsin,2020-11-03,Biden,2020-03-17,2020-03-19,Hodas & Associates,600,lv,0.7015365,0,46.5,45.89333,48.60472,65003,120541
2020,Wisconsin,2020-11-03,Biden,2020-03-17,2020-03-25,Baldwin Wallace University,822,rv,0.6705672,0,44.9,46.21757,48.99532,64988,120502
2020,Wisconsin,2020-11-03,Biden,2020-03-10,2020-03-11,Public Policy Polling,1727,v,1.749676,0,48,47.4684,50.16145,64807,119955
2020,Wisconsin,2020-11-03,Biden,2020-03-06,2020-03-08,YouGov,459,rv,0.6826778,0,44,45.12686,47.78362,64768,119818
2020,Wisconsin,2020-11-03,Biden,2020-03-05,2020-03-07,Optimus,502,lv,0.6686068,0,43.07,44.42627,47.03608,64757,119789
2020,Wisconsin,2020-11-03,Biden,2020-02-06,2020-02-18,Expedition Strategies,500,rv,0.6358964,0,42,43.48149,46.23914,64743,119732
2020,Wisconsin,2020-11-03,Biden,2020-02-19,2020-02-23,Marquette University Law School,1000,rv,1.76694,0,46,46.90047,49.70446,64588,119094
2020,Wisconsin,2020-11-03,Biden,2020-02-11,2020-02-20,YouGov,936,rv,1.123359,0,45,46.12972,48.92914,64500,118781
2020,Wisconsin,2020-11-03,Biden,2020-02-12,2020-02-18,Quinnipiac University,823,rv,1.210217,0,42,43.12814,45.88309,64472,118606
2020,Wisconsin,2020-11-03,Biden,2020-01-14,2020-01-16,Tarrance Group,500,lv,0.8299353,0,47,46.8578,49.60072,63578,117018
2020,Wisconsin,2020-11-03,Biden,2020-01-05,2020-01-08,Fox News/Beacon Research/Shaw & Co. Research,1504,rv,2.083902,0,46,47.05737,49.87545,63246,115582
2020,Wisconsin,2020-11-03,Biden,2019-12-03,2019-12-05,Optimus,610,lv,0.7452961,0,39.08,40.41311,43.37107,63026,114314
2020,West Virginia,2020-11-03,Biden,2020-10-20,2020-11-01,SurveyMonkey,738,lv,0.3180303,0.3180303,32,31.39679,31.40447,72664,136417
2020,West Virginia,2020-11-03,Biden,2020-10-18,2020-10-31,SurveyMonkey,798,lv,0.0479016,0.0467876,33,32.39066,32.39459,72526,136148
2020,West Virginia,2020-11-03,Biden,2020-10-17,2020-10-30,SurveyMonkey,805,lv,0.0236638,0.0225631,32,31.39679,31.40177,72425,135951
2020,West Virginia,2020-11-03,Biden,2020-10-16,2020-10-29,SurveyMonkey,791,lv,0.0228282,0.0212355,32,31.39679,31.40299,72346,135786
2020,West Virginia,2020-11-03,Biden,2020-10-01,2020-10-28,SurveyMonkey,1359,lv,0.2470967,0.172393,32,31.39679,31.41024,72243,135583
2020,West Virginia,2020-11-03,Biden,2020-09-30,2020-10-27,SurveyMonkey,1315,lv,0.0161758,0.0109093,33,32.39066,32.40425,72089,135216
2020,West Virginia,2020-11-03,Biden,2020-09-28,2020-10-25,SurveyMonkey,1271,lv,0.0341592,0.0190656,33,32.39066,32.41539,71979,134982
2020,West Virginia,2020-11-03,Biden,2020-09-27,2020-10-24,SurveyMonkey,1250,lv,0.0171968,0.0091983,33,32.39066,32.42422,71894,134808
2020,West Virginia,2020-11-03,Biden,2020-09-26,2020-10-23,SurveyMonkey,1223,lv,0.0172768,0.0088393,33,32.39066,32.43481,71827,134673
2020,West Virginia,2020-11-03,Biden,2020-09-24,2020-10-22,SurveyMonkey,1203,lv,0.0369667,0.0154744,33,32.39066,32.48103,71766,134542
2020,West Virginia,2020-11-03,Biden,2020-10-19,2020-10-20,Triton Polling & Research,544,lv,0.5765287,0.4558599,37.9,37.2532,37.26599,71748,134435
2020,West Virginia,2020-11-03,Biden,2020-09-24,2020-10-21,SurveyMonkey,1154,lv,0,0,32,31.39679,31.50196,71683,134343
2020,West Virginia,2020-11-03,Biden,2020-09-23,2020-10-20,SurveyMonkey,1115,lv,0.0189664,0.0070573,32,31.39679,31.51932,71570,134118
2020,West Virginia,2020-11-03,Biden,2020-09-22,2020-10-19,SurveyMonkey,1075,lv,0.0188888,0.0065891,32,31.39679,31.53761,71468,133906
2020,West Virginia,2020-11-03,Biden,2020-09-21,2020-10-18,SurveyMonkey,1020,lv,0.0185693,0.0060458,33,32.39066,32.55246,71383,133722
2020,West Virginia,2020-11-03,Biden,2020-09-20,2020-10-17,SurveyMonkey,1002,lv,0.0189597,0.005732,34,33.38488,33.57158,71301,133561
2020,West Virginia,2020-11-03,Biden,2020-09-19,2020-10-16,SurveyMonkey,972,lv,0.0191807,0.0053528,35,34.37946,34.59286,71243,133444
2020,West Virginia,2020-11-03,Biden,2020-09-18,2020-10-15,SurveyMonkey,914,lv,0.0188782,0.0048293,34,33.38488,33.62046,71182,133317
2020,West Virginia,2020-11-03,Biden,2020-09-16,2020-10-14,SurveyMonkey,857,lv,0.0359168,0.0083527,34,33.38488,33.64212,71108,133167
2020,West Virginia,2020-11-03,Biden,2020-09-16,2020-10-13,SurveyMonkey,824,lv,0,0,34,33.38488,33.66391,71014,132960
2020,West Virginia,2020-11-03,Biden,2020-09-15,2020-10-12,SurveyMonkey,771,lv,0.0187516,0.0034887,34,33.38488,33.68737,70973,132803
2020,West Virginia,2020-11-03,Biden,2020-10-01,2020-10-06,Research America Inc.,450,lv,0.6126379,0.2137109,39,38.51056,38.66589,70703,132427
2020,West Virginia,2020-11-03,Biden,2020-09-29,2020-09-30,Triton Polling & Research,525,rv,0.5731432,0.1066313,38,38.20701,38.52937,70625,132056
2020,West Virginia,2020-11-03,Biden,2020-06-08,2020-06-30,SurveyMonkey,264,lv,0.1946796,0,27.06,26.49252,27.50639,70448,131302
2020,West Virginia,2020-11-03,Biden,2020-07-01,2020-07-31,SurveyMonkey,494,lv,0.2843392,0,31.78,31.17819,32.29874,70398,131200
2020,Vermont,2020-11-03,Biden,2020-10-20,2020-11-01,SurveyMonkey,719,lv,0.2431795,0.2431795,71,69.32835,69.35448,72667,136420
2020,Vermont,2020-11-03,Biden,2020-10-18,2020-10-31,SurveyMonkey,737,lv,0.0353829,0.0350687,71,69.32835,69.34655,72529,136151
2020,Vermont,2020-11-03,Biden,2020-10-17,2020-10-30,SurveyMonkey,734,lv,0.017527,0.0172157,70,68.30879,68.33289,72428,135954
2020,Vermont,2020-11-03,Biden,2020-10-16,2020-10-29,SurveyMonkey,749,lv,0.0178015,0.0173272,69,67.29033,67.32158,72349,135789
2020,Vermont,2020-11-03,Biden,2020-10-01,2020-10-28,SurveyMonkey,1167,lv,0.199798,0.1767308,69,67.29033,67.37616,72246,135586
2020,Vermont,2020-11-03,Biden,2020-10-19,2020-10-20,co/efficient,584,lv,0.5290526,0.486766,62,63.57672,63.69811,72218,135482
2020,Vermont,2020-11-03,Biden,2020-09-30,2020-10-27,SurveyMonkey,1087,lv,0.0124457,0.0108983,68,66.27293,66.36275,72092,135219
2020,Vermont,2020-11-03,Biden,2020-09-28,2020-10-25,SurveyMonkey,1002,lv,0.0233641,0.0194216,67,65.25658,65.38388,71982,134985
2020,Vermont,2020-11-03,Biden,2020-09-26,2020-10-24,SurveyMonkey,978,lv,0.0221187,0.0181899,67,65.25658,65.39809,71897,134811
2020,Vermont,2020-11-03,Biden,2020-09-26,2020-10-23,SurveyMonkey,969,lv,0,0,67,65.25658,65.41576,71830,134676
2020,Vermont,2020-11-03,Biden,2020-09-24,2020-10-22,SurveyMonkey,939,lv,0.021749,0.0169202,66,64.24128,64.47486,71769,134545
2020,Vermont,2020-11-03,Biden,2020-09-23,2020-10-21,SurveyMonkey,858,lv,0.0099644,0.0076635,66,64.24128,64.48678,71686,134346
2020,Vermont,2020-11-03,Biden,2020-09-22,2020-10-20,SurveyMonkey,829,lv,0.0096588,0.0073427,66,64.24128,64.50285,71573,134121
2020,Vermont,2020-11-03,Biden,2020-09-22,2020-10-19,SurveyMonkey,785,lv,0,0,67,65.25658,65.53284,71471,133909
2020,Vermont,2020-11-03,Biden,2020-09-21,2020-10-18,SurveyMonkey,769,lv,0.009348,0.0069405,67,65.25658,65.55186,71386,133725
2020,Vermont,2020-11-03,Biden,2020-09-20,2020-10-17,SurveyMonkey,759,lv,0.0092644,0.0067961,67,65.25658,65.57535,71304,133564
2020,Vermont,2020-11-03,Biden,2020-09-19,2020-10-16,SurveyMonkey,730,lv,0.008951,0.0064867,67,65.25658,65.60562,71246,133447
2020,Vermont,2020-11-03,Biden,2020-09-18,2020-10-15,SurveyMonkey,651,lv,0.008022,0.0057422,67,65.25658,65.632320000000007,71185,133320
2020,Vermont,2020-11-03,Biden,2020-09-17,2020-10-14,SurveyMonkey,610,lv,0.0075573,0.0053424,66,64.24128,64.64209,71111,133170
2020,Vermont,2020-11-03,Biden,2020-09-15,2020-10-13,SurveyMonkey,579,lv,0.0139316,0.0097249,65,63.22701,63.64939,71017,132963
2020,Vermont,2020-11-03,Biden,2020-09-14,2020-10-12,SurveyMonkey,557,lv,0.0067446,0.0046481,65,63.22701,63.67144,70970,132800
2020,Vermont,2020-11-03,Biden,2020-06-08,2020-06-30,SurveyMonkey,113,lv,0.1127496,0,74.91,73.32545,74.66182,70451,131305
2020,Vermont,2020-11-03,Biden,2020-07-01,2020-07-31,SurveyMonkey,368,lv,0.2985707,0,71.18,69.51198,70.98692,70401,131203
2020,Vermont,2020-11-03,Biden,2020-08-01,2020-08-31,SurveyMonkey,236,lv,0.1879181,0.0327104,70.48,68.79805,69.96854,70351,131101
2020,Vermont,2020-11-03,Biden,2020-09-01,2020-09-30,SurveyMonkey,427,lv,0.0718191,0.0405657,64.06,62.27453,63.14929,70299,130994
2020,Vermont,2020-11-03,Biden,2020-09-03,2020-09-15,Braun Research,586,lv,0.8636532,0.4111173,55.73,57.28205,58.2062,69647,129842
2020,Utah,2020-11-03,Biden,2020-10-20,2020-11-01,SurveyMonkey,1435,lv,0.3479773,0.3479773,44,42.30967,42.31537,72669,136422
2020,Utah,2020-11-03,Biden,2020-10-18,2020-10-31,SurveyMonkey,1519,lv,0.0513227,0.0501292,43,41.31608,41.30889,72531,136153
2020,Utah,2020-11-03,Biden,2020-10-17,2020-10-30,SurveyMonkey,1511,lv,0.024971899999999998,0.0238104,43,41.31608,41.30848,72430,135956
2020,Utah,2020-11-03,Biden,2020-10-15,2020-10-24,Y2 Analytics,660,lv,0.8780674,0.7555463,44,42.87625,42.75739,72411,135868
2020,Utah,2020-11-03,Biden,2020-10-16,2020-10-29,SurveyMonkey,1517,lv,0.024589,0.0228734,44,42.30967,42.30033,72351,135791
2020,Utah,2020-11-03,Biden,2020-10-01,2020-10-28,SurveyMonkey,2783,lv,0.2747538,0.1916887,43,41.31608,41.32626,72248,135588
2020,Utah,2020-11-03,Biden,2020-09-30,2020-10-27,SurveyMonkey,2689,lv,0.0179548,0.012109,43,41.31608,41.33171,72094,135221
2020,Utah,2020-11-03,Biden,2020-09-27,2020-10-25,SurveyMonkey,2466,lv,0.0520788,0.0290673,45,43.30414,43.36729,71984,134987
2020,Utah,2020-11-03,Biden,2020-09-27,2020-10-24,SurveyMonkey,2434,lv,0,0,45,43.30414,43.38609,71899,134813
2020,Utah,2020-11-03,Biden,2020-09-26,2020-10-23,SurveyMonkey,2398,lv,0.018428,0.0094283,45,43.30414,43.40615,71832,134678
2020,Utah,2020-11-03,Biden,2020-09-24,2020-10-22,SurveyMonkey,2340,lv,0.0393532,0.0164734,45,43.30414,43.49363,71771,134547
2020,Utah,2020-11-03,Biden,2020-10-12,2020-10-17,RMG Research,1000,lv,0.8812282,0.5943167,38,40.51583,40.4575,71445,134418
2020,Utah,2020-11-03,Biden,2020-09-24,2020-10-21,SurveyMonkey,2304,lv,0,0,45,43.30414,43.51869,71688,134348
2020,Utah,2020-11-03,Biden,2020-09-23,2020-10-20,SurveyMonkey,2279,lv,0.0214654,0.0079871,45,43.30414,43.54066,71575,134123
2020,Utah,2020-11-03,Biden,2020-09-21,2020-10-19,SurveyMonkey,2239,lv,0.0425502,0.0148431,45,43.30414,43.56149,71473,133911
2020,Utah,2020-11-03,Biden,2020-09-21,2020-10-18,SurveyMonkey,2187,lv,0,0,45,43.30414,43.58289,71388,133727
2020,Utah,2020-11-03,Biden,2020-09-19,2020-10-17,SurveyMonkey,2152,lv,0.0453486,0.0137101,45,43.30414,43.60603,71306,133566
2020,Utah,2020-11-03,Biden,2020-09-19,2020-10-16,SurveyMonkey,2112,lv,0,0,44,42.30967,42.63916,71248,133449
2020,Utah,2020-11-03,Biden,2020-09-18,2020-10-15,SurveyMonkey,2002,lv,0.0247655,0.0063354,44,42.30967,42.66751,71187,133322
2020,Utah,2020-11-03,Biden,2020-09-17,2020-10-14,SurveyMonkey,1913,lv,0.0254299,0.0059139,44,42.30967,42.69522,71113,133172
2020,Utah,2020-11-03,Biden,2020-09-16,2020-10-13,SurveyMonkey,1843,lv,0.0265493,0.0055568,44,42.30967,42.72319,71019,132965
2020,Utah,2020-11-03,Biden,2020-09-14,2020-10-12,SurveyMonkey,1783,lv,0.0537673,0.0100032,44,42.30967,42.75043,70969,132799
2020,Utah,2020-11-03,Biden,2020-09-26,2020-10-04,Y2 Analytics,1214,lv,1.222924,0.2275208,40,38.89613,39.222,70578,131811
2020,Utah,2020-11-03,Biden,2020-06-08,2020-06-30,SurveyMonkey,412,lv,0.2159572,0,41.43,39.7579,41.0206,70453,131307
2020,Utah,2020-11-03,Biden,2020-07-01,2020-07-31,SurveyMonkey,1037,lv,0.3906473,0,39.97,38.31084,39.57855,70403,131205
2020,Utah,2020-11-03,Biden,2020-08-01,2020-08-31,SurveyMonkey,893,lv,0.3912228,0,41.46,39.78765,40.9435,70353,131103
2020,Utah,2020-11-03,Biden,2020-09-01,2020-09-30,SurveyMonkey,1192,lv,0.2716615,0,42.3,40.62108,41.54392,70301,130996
2020,Utah,2020-11-03,Biden,2020-09-07,2020-09-12,RMG Research,1000,lv,0.8857145,0,35,37.46625,38.47118,69438,129462
2020,Utah,2020-11-03,Biden,2020-07-27,2020-08-01,RMG Research,1000,rv,0.8440243,0,31,34.20826,35.244,67870,127241
2020,Utah,2020-11-03,Biden,2020-05-09,2020-05-15,Y2 Analytics,1078,lv,1.063363,0,39.4,38.29992,40.84112,66525,123970
2020,Utah,2020-11-03,Biden,2020-04-15,2020-04-21,RMG Research,964,rv,0.6436153,0,32,35.23944,37.68404,65940,122163
2020,Utah,2020-11-03,Biden,2020-03-21,2020-03-30,Y2 Analytics,1266,lv,1.18056,0,41,39.89028,42.23905,65728,121489
2020,Utah,2020-11-03,Biden,2020-02-24,2020-03-01,RMG Research,1000,rv,0.5939063,0,33,36.26863,38.13718,64734,119714
2020,Utah,2020-11-03,Biden,2020-01-15,2020-01-22,RMG Research,1017,rv,0.6478483,0,31,34.20826,36.32998,63405,116395
2020,Texas,2020-11-03,Biden,2020-10-27,2020-11-02,Swayable,1151,lv,0.4886183,0.4725775,47.2,47.09702,47.11913,72774,136556
2020,South Carolina,2020-11-03,Biden,2020-09-22,2020-09-25,YouGov,1080,lv,1.328531,0,42,42.42631,43.00054,69993,130353
2020,South Carolina,2020-11-03,Biden,2020-09-11,2020-09-20,Morning Consult,764,lv,0.84002,0,44,44.00369,44.80875,69637,129829
2020,South Carolina,2020-11-03,Biden,2020-09-10,2020-09-14,Quinnipiac University,969,lv,1.367824,0,45,44.39022,45.28009,69491,129444
2020,South Carolina,2020-11-03,Biden,2020-07-30,2020-08-03,Quinnipiac University,914,rv,1.306128,0,42,42.26971,43.25962,67951,127225
2020,South Carolina,2020-11-03,Biden,2020-07-24,2020-08-02,Morning Consult,741,lv,0.8276941,0,44,44.00369,45.00088,67881,127091
2020,South Carolina,2020-11-03,Biden,2020-07-15,2020-07-20,ALG Research,591,lv,0.5650506,0,45,43.42951,44.4605,67684,126743
2020,South Carolina,2020-11-03,Biden,2020-07-13,2020-07-19,brilliant corners Research & Strategies,800,lv,0.8041003,0,43,42.00259,43.03441,67677,126709
2020,South Carolina,2020-11-03,Biden,2020-07-17,2020-07-17,Gravis Marketing,604,lv,0.7638013,0,46,45.50649,46.57328,67578,126433
2020,South Carolina,2020-11-03,Biden,2020-05-23,2020-05-26,Civiqs,591,rv,0.6887537,0,42,42.69104,44.33715,66546,124015
2020,South Carolina,2020-11-03,Biden,2020-02-25,2020-02-28,AtlasIntel,1100,rv,0.9533595,0,41.8,42.94234,44.34124,64622,119272
2020,Pennsylvania,2020-11-03,Biden,2020-09-21,2020-09-26,ABC News/The Washington Post,568,lv,1.245238,0,54,53.25167,53.8772,70024,130435
2020,North Carolina,2020-11-03,Biden,2020-10-12,2020-10-17,ABC News/The Washington Post,646,lv,1.407856,0.4391763,49.5,49.22849,49.18126,71441,133793
2020,Pennsylvania,2020-11-03,Biden,2020-08-26,2020-09-01,ALG Research,500,lv,0.6473723,0,50,49.87816,51.00852,70092,130584
2020,North Carolina,2020-11-03,Biden,2020-09-22,2020-09-28,ALG Research,822,v,0.6241342,0,50,48.70365,49.34225,70106,130600
2020,Pennsylvania,2020-11-03,Biden,2020-09-30,2020-10-08,Baldwin Wallace University,1140,LV,0.791219,0.1186829,49.6,50.42418,99,70721,132290
2020,Pennsylvania,2020-11-03,Biden,2020-09-08,2020-09-22,Baldwin Wallace University,1012,lv,0.7620288,0,47.3,48.12308,49.02236,69702,129962
2020,Pennsylvania,2020-11-03,Biden,2020-08-28,2020-09-08,Benenson Strategy Group/GS Strategy Group,1600,lv,2.26868,0,49,49.23656,50.30337,68581,128408
2020,North Carolina,2020-11-03,Biden,2020-08-28,2020-09-08,Benenson Strategy Group/GS Strategy Group,1600,lv,2.26868,0,48,47.91197,49.01786,68576,128402
2020,North Carolina,2020-11-03,Biden,2020-07-22,2020-07-24,Cardinal Point Analytics (CardinalGPS),735,lv,0.7352689,0,46.8,47.41267,48.60242,67834,126975
2020,North Carolina,2020-11-03,Biden,2020-07-13,2020-07-15,Cardinal Point Analytics (CardinalGPS),547,lv,0.5816114,0,47.7,48.31337,49.52461,67586,126453
2020,Pennsylvania,2020-11-03,Biden,2020-10-16,2020-10-19,Change Research,574,lv,0.5338545,0.2114914,49,49.48966,49.41466,71523,133961
2020,Pennsylvania,2020-11-03,Biden,2020-10-02,2020-10-04,Change Research,468,lv,0.547435,0.0533378,50,50.48972,50.62025,70608,132013
2020,Pennsylvania,2020-11-03,Biden,2020-09-18,2020-09-20,Change Research,579,lv,0.5571989,0,49,49.48966,50.28988,69685,129907
2020,Pennsylvania,2020-11-03,Biden,2020-09-04,2020-09-06,Change Research,829,lv,0.7047589,0,50,50.48972,51.55084,68537,128312
2020,Pennsylvania,2020-11-03,Biden,2020-08-21,2020-08-23,Change Research,984,lv,0.8284237,0,49,49.48966,50.62167,68208,127745
2020,Pennsylvania,2020-11-03,Biden,2020-08-07,2020-08-09,Change Research,456,lv,0.5331308,0,48,48.48935,49.51677,68015,127366
2020,Pennsylvania,2020-11-03,Biden,2020-07-24,2020-07-26,Change Research,382,lv,0.4084386,0,48,48.48935,49.68142,67812,126906
2020,Pennsylvania,2020-11-03,Biden,2020-07-10,2020-07-12,Change Research,743,lv,0.6155448,0,50,50.48972,51.77295,67091,125354
2020,North Carolina,2020-11-03,Biden,2020-10-16,2020-10-19,Change Research,521,lv,0.5323088,0.1919713,50,49.92628,49.85628,71522,133960
2020,North Carolina,2020-11-03,Biden,2020-10-02,2020-10-04,Change Research,396,lv,0.4976829,0.0064367,49,48.9263,49.05155,70607,132012
2020,North Carolina,2020-11-03,Biden,2020-09-18,2020-09-20,Change Research,579,lv,0.5966712,0,48,47.92636,48.77554,69684,129906
2020,North Carolina,2020-11-03,Biden,2020-09-04,2020-09-06,Change Research,442,lv,0.5026088,0,49,48.9263,50.028,68536,128311
2020,North Carolina,2020-11-03,Biden,2020-08-21,2020-08-23,Change Research,560,lv,0.6481425,0,48,47.92636,49.05305,68207,127744
2020,North Carolina,2020-11-03,Biden,2020-08-07,2020-08-09,Change Research,491,lv,0.5680547,0,47,46.92645,47.9892,68014,127365
2020,North Carolina,2020-11-03,Biden,2020-07-24,2020-07-26,Change Research,284,lv,0.3340968,0,49,48.9263,50.09818,67811,126905
2020,North Carolina,2020-11-03,Biden,2020-07-10,2020-07-12,Change Research,655,lv,0.6103566,0,47,46.92645,48.11309,67090,125353
2020,North Carolina,2020-11-03,Biden,2020-06-26,2020-06-28,Change Research,468,lv,0.4795664,0,51,50.9263,51.97267,66959,125032
2020,Pennsylvania,2020-11-03,Biden,2020-10-17,2020-10-20,Citizen Data,1000,lv,0.8386342,0.3767777,43.99,45.70989,45.65656,72185,135395
2020,North Carolina,2020-11-03,Biden,2020-10-17,2020-10-20,Citizen Data,1000,lv,0.8386342,0.3464956,50.15,49.93648,49.888,72183,135393
2020,Pennsylvania,2020-11-03,Biden,2020-10-23,2020-10-26,Civiqs,1145,lv,0.8875721,0.6865926,52,50.96398,50.92224,72039,135049
2020,Pennsylvania,2020-11-03,Biden,2020-02-27,2020-03-03,Civiqs,2462,a,0.9992957,0,46,46.68612,48.88914,71656,134242
2020,Pennsylvania,2020-11-03,Biden,2020-03-14,2020-03-18,Civiqs,1589,a,0.7600638,0,46,46.68612,49.02021,71655,134241
2020,Pennsylvania,2020-11-03,Biden,2020-04-04,2020-04-08,Civiqs,1912,a,0.9893469,0,47,47.68723,50.31694,71654,134240
2020,Pennsylvania,2020-11-03,Biden,2020-05-30,2020-06-02,Civiqs,2045,a,0.8522091,0,49,49.68839,51.34432,71653,134239
2020,Pennsylvania,2020-11-03,Biden,2020-06-06,2020-06-11,Civiqs,1221,a,0.5665522,0,49,49.68839,51.02766,71652,134238
2020,Pennsylvania,2020-11-03,Biden,2020-10-17,2020-10-21,Civiqs,1577,a,0.6416456,0.2702048,52,52.6875,52.60624,71651,134237
2020,Pennsylvania,2020-11-03,Biden,2020-10-08,2020-10-11,Civiqs,600,lv,0.4137503,0.1009629,52,50.48113,50.44353,71104,133107
2020,Pennsylvania,2020-11-03,Biden,2020-09-11,2020-09-15,Civiqs,549,rv,0.5378139,0,52,51.36915,52.31794,69537,129546
2020,Pennsylvania,2020-11-03,Biden,2020-08-13,2020-08-17,Civiqs,617,rv,0.5686046,0,51,50.36877,51.33498,68148,127645
2020,Pennsylvania,2020-11-03,Biden,2020-09-08,2020-09-11,Climate Nexus,659,rv,0.6591295,0,48,49.10949,50.1032,69559,129592
2020,Pennsylvania,2020-11-03,Biden,2020-09-15,2020-09-17,CPEC,820,lv,0.6651533,0,50.3,50.25144,51.13179,69704,129973
2020,North Carolina,2020-11-03,Biden,2020-10-15,2020-10-18,Data for Progress,929,lv,0.6487843,0.2074012,48,47.006,46.95403,71752,134442
2020,North Carolina,2020-11-03,Biden,2020-09-30,2020-10-05,Data for Progress,1285,lv,0.8660193,0.0112307,51,50.00449,50.14535,70657,132125
2020,North Carolina,2020-11-03,Biden,2020-07-24,2020-08-02,Data for Progress,1170,lv,1.227438,0,47.5,47.13413,48.28976,67937,127192
2020,North Carolina,2020-11-03,Biden,2020-10-27,2020-10-28,East Carolina University,1103,lv,1.042639,0.939135,50.32,50.39392,50.39997,72332,135709
2020,North Carolina,2020-11-03,Biden,2020-10-15,2020-10-18,East Carolina University,1155,lv,0.9392156,0.3056913,50.6,50.67391,50.6295,71452,133822
2020,North Carolina,2020-11-03,Biden,2020-10-02,2020-10-04,East Carolina University,1232,lv,1.098552,0.0142136,50.4,50.47392,50.62245,70614,132028
2020,North Carolina,2020-11-03,Biden,2020-08-29,2020-08-30,East Carolina University,1101,lv,1.125847,0,46.6,46.67371,47.85116,68307,127932
2020,North Carolina,2020-11-03,Biden,2020-08-12,2020-08-13,East Carolina University,1255,rv,1.121653,0,46.5,47.4599,48.47969,68076,127504
2020,North Carolina,2020-11-03,Biden,2020-06-22,2020-06-25,East Carolina University,1149,rv,1.077109,0,45.1,46.05733,47.10093,66953,125022
2020,Pennsylvania,2020-11-03,Biden,2020-10-04,2020-10-05,Emerson College,688,lv,99,0.1640431,50.8,49.94432,50.0448,70620,132039
2020,Pennsylvania,2020-11-03,Biden,2020-08-08,2020-08-10,Emerson College,843,lv,1.436415,0,53.31,52.4561,53.4774,68007,127354
2020,North Carolina,2020-11-03,Biden,2020-08-08,2020-08-10,Emerson College,673,lv,1.209291,0,49.41,48.91355,49.97494,68006,127353
2020,Pennsylvania,2020-11-03,Biden,2020-10-17,2020-10-20,Fox News/Beacon Research/Shaw & Co. Research,1045,lv,1.7732,0.796655,50,49.68164,49.60559,71627,134185
2020,Pennsylvania,2020-11-03,Biden,2020-09-20,2020-09-23,Fox News/Beacon Research/Shaw & Co. Research,856,lv,1.524044,0,51,50.6817,51.38206,69962,130284
2020,Pennsylvania,2020-11-03,Biden,2020-07-18,2020-07-20,Fox News/Beacon Research/Shaw & Co. Research,793,rv,1.283909,0,50,50.56985,51.82428,67647,126563
2020,North Carolina,2020-11-03,Biden,2020-08-29,2020-09-01,Fox News/Beacon Research/Shaw & Co. Research,722,lv,1.331984,0,50,50.00501,51.18423,68339,128019
2020,North Carolina,2020-11-03,Biden,2020-06-20,2020-06-23,Fox News/Beacon Research/Shaw & Co. Research,1012,rv,1.557636,0,47,47.89174,48.94084,66918,124955
2020,Pennsylvania,2020-11-03,Biden,2020-10-19,2020-10-25,Franklin & Marshall College,558,lv,0.8776745,0.5393246,50,50.0958,50.03267,72172,135367
2020,Pennsylvania,2020-11-03,Biden,2020-09-14,2020-09-20,Franklin & Marshall College,480,lv,0.7896083,0,48,48.09571,48.95696,69708,129978
2020,Pennsylvania,2020-11-03,Biden,2020-08-17,2020-08-23,Franklin & Marshall College,681,rv,0.9141793,0,49,49.98394,51.0765,68221,127781
2020,Pennsylvania,2020-11-03,Biden,2020-07-20,2020-07-26,Franklin & Marshall College,667,rv,0.90144,0,50,50.98394,52.20291,67836,126979
2020,Pennsylvania,2020-11-03,Biden,2020-09-17,2020-09-19,Garin-Hart-Yang Research Group,400,lv,0.565323,0,53,51.22491,52.05267,69984,130329
2020,North Carolina,2020-11-03,Biden,2020-09-24,2020-09-27,Garin-Hart-Yang Research Group,400,lv,0.565323,0,49,47.71228,48.32658,70133,130664
2020,North Carolina,2020-11-03,Biden,2020-04-13,2020-04-16,GBAO,500,lv,0.8061572,0,48,47.87635,49.98863,67053,125282
2020,Pennsylvania,2020-11-03,Biden,2020-08-13,2020-08-19,Global Strategy Group,801,rv,0.5862823,0,51.5,50.68467,51.70432,68264,127876
2020,Pennsylvania,2020-11-03,Biden,2020-08-20,2020-08-24,GQR Research (GQRR),500,lv,0.7012613,0,52,50.22805,51.35049,68259,127869
2020,Pennsylvania,2020-11-03,Biden,2020-10-23,2020-10-23,Gravis Marketing,602,lv,0.7624036,0.5524664,51,51.23043,51.19273,71824,134618
2020,Pennsylvania,2020-11-03,Biden,2020-07-22,2020-07-24,Gravis Marketing,1006,lv,0.9798656,0,48,48.2303,49.45415,67659,126662
2020,North Carolina,2020-11-03,Biden,2020-10-26,2020-10-27,Gravis Marketing,614,lv,0.7707279,0.6702192,49,49.5144,49.51551,72153,135302
2020,North Carolina,2020-11-03,Biden,2020-10-22,2020-10-25,Harper Polling,504,lv,0.8616698,0.5807495,47,48.61436,48.53727,72139,135268
2020,North Carolina,2020-11-03,Biden,2020-09-17,2020-09-20,Harper Polling,612,lv,0.9923094,0,44,45.60521,46.42874,69650,129955
2020,North Carolina,2020-11-03,Biden,2020-08-06,2020-08-10,Harper Polling,600,lv,0.9784637,0,45,46.60909,47.6485,68051,127443
2020,Pennsylvania,2020-11-03,Biden,2020-10-12,2020-10-15,Harris Insights & Analytics,992,lv,0.8644356,0.2780062,51,51.1684,51.11764,71179,133261
2020,Pennsylvania,2020-11-03,Biden,2020-10-26,2020-10-29,HarrisInsightsAnalytics,901,lv,0.8972869,0.77323,51,51.1684,51.16853,72237,135523
2020,North Carolina,2020-11-03,Biden,2020-07-23,2020-07-31,HIT Strategies,400,rv,0.4186061,0,47,46.58477,47.74956,67983,127298
2020,Pennsylvania,2020-11-03,Biden,2020-08-26,2020-08-31,Hodas & Associates,600,lv,0.7015365,0,51.12,51.61408,52.70861,68484,128205
2020,Pennsylvania,2020-11-03,Biden,2020-07-17,2020-07-22,Hodas & Associates,600,lv,0.7015365,0,50.83,51.32417,52.52066,67907,127130
2020,Pennsylvania,2020-11-03,Biden,2020-09-24,2020-09-26,IBD/TIPP,774,lv,1.443998,0,49.7,50.01836,50.61081,70001,130391
2020,Pennsylvania,2020-11-03,Biden,2020-10-20,2020-10-26,Ipsos,655,lv,0.641071,0.4034152,50.5,50.94361,50.88847,71976,134925
2020,Pennsylvania,2020-11-03,Biden,2020-10-13,2020-10-19,Ipsos,653,lv,0.6370794,0.2105985,49,49.443600000000004,49.38496,71379,133664
2020,Pennsylvania,2020-11-03,Biden,2020-10-06,2020-10-11,Ipsos,622,lv,0.6545612,0.1295789,51,51.4435,51.46373,70741,132339
2020,Pennsylvania,2020-11-03,Biden,2020-09-29,2020-10-05,Ipsos,605,lv,0.7592051,0.0240902,50,50.44366,50.68629,70585,131968
2020,Pennsylvania,2020-11-03,Biden,2020-09-11,2020-09-16,Ipsos,611,lv,0.8740835,0,49,49.443600000000004,50.39291,69626,129812
2020,North Carolina,2020-11-03,Biden,2020-10-21,2020-10-27,Isos,647,lv,0.6158097,0.4079825,49,49.51072,49.46658,72059,135092
2020,North Carolina,2020-11-03,Biden,2020-10-14,2020-10-20,Ipsos,660,lv,0.6215126,0.1974436,49,49.51072,49.45313,71463,133846
2020,North Carolina,2020-11-03,Biden,2020-10-07,2020-10-13,Ipsos,660,lv,0.6602848,0.1163536,48,48.5104,48.49193,70786,132431
2020,North Carolina,2020-11-03,Biden,2020-09-29,2020-10-06,Ipsos,601,lv,0.7594614,0,47,47.50981,47.72636,70616,132032
2020,North Carolina,2020-11-03,Biden,2020-09-11,2020-09-16,Ipsos,586,lv,0.851409,0,47,47.50981,48.51365,69662,129867
2020,North Carolina,2020-11-03,Biden,2020-08-29,2020-09-13,Kaiser Family Foundation,1172,rv,1.67781,0,45,46.46817,47.55017,69502,129468
2020,Pennsylvania,2020-11-03,Biden,2020-08-31,2020-09-07,Marist College,771,lv,1.560091,0,53,52.2066,53.27057,68532,128302
2020,North Carolina,2020-11-03,Biden,2020-10-25,2020-10-28,Marist College,800,lv,1.611677,1.401502,52,50.69932,50.71867,72331,135702
2020,North Carolina,2020-11-03,Biden,2020-07-14,2020-07-22,Marist College,882,rv,1.553549,0,51,50.58697,51.8398,67669,126680
2020,North Carolina,2020-11-03,Biden,2020-10-24,2020-10-27,Meeting Street Research,600,lv,0.7014403,0.5870991,48,49.04302,48.99615,72397,135837
2020,North Carolina,2020-11-03,Biden,2020-10-16,2020-10-19,Meredith College,732,lv,0.8143851,0.3099262,48.1,48.35454,48.31055,71746,134425
2020,North Carolina,2020-11-03,Biden,2020-09-18,2020-09-22,Meredith College,705,rv,0.7444701,0,45.7,46.83889,47.67994,70010,130412
2020,Pennsylvania,2020-11-03,Biden,2020-09-30,2020-10-04,Monmouth University,500,lv,1.129217,0.0941015,53.5,53.07961,53.23301,70599,131998
2020,Pennsylvania,2020-11-03,Biden,2020-08-28,2020-08-31,Monmouth University,400,lv,0.9060031,0,48.5,48.07876,49.19991,68319,127965
2020,Pennsylvania,2020-11-03,Biden,2020-07-09,2020-07-13,Monmouth University,401,lv,0.9082416,0,51.5,51.07862,52.36125,67101,125391
2020,North Carolina,2020-11-03,Biden,2020-10-08,2020-10-11,Monmouth University,500,lv,1.129217,0.2398337,49.5,49.33411,49.29909,70780,132414
2020,North Carolina,2020-11-03,Biden,2020-08-29,2020-09-01,Monmouth University,401,lv,0.9082416,0,48,47.83427,48.98732,68464,128156
2020,North Carolina,2020-11-03,Biden,2020-08-29,2020-09-07,MorningConsult,1,lv,0.9601743,0,48,47.84831,48.95636,68548,128325
2020,Pennsylvania,2020-11-03,Biden,2020-10-02,2020-10-11,Morning Consult,2610,lv,0.9761202,0.1626984,52,51.83825,51.85999,70760,132369
2020,Pennsylvania,2020-11-03,Biden,2020-08-29,2020-09-07,Morning Consult,2227,lv,1.041242,0,50,49.8381,50.89816,68550,128327
2020,Pennsylvania,2020-11-03,Biden,2020-08-21,2020-08-30,Morning Consult,2158,lv,0.9042551,0,49,48.83814,49.97576,68296,127917
2020,Pennsylvania,2020-11-03,Biden,2020-08-07,2020-08-16,Morning Consult,1777,lv,1.156262,0,50,49.8381,50.78598,68285,127906
2020,Pennsylvania,2020-11-03,Biden,2020-05-17,2020-05-26,Morning Consult,2120,lv,1.211936,0,48,47.83828,49.98344,67801,126887
2020,Pennsylvania,2020-11-03,Biden,2020-07-17,2020-07-26,MorningConsult,2092,lv,1.207903,0,50,49.8381,51.04383,67693,126757
2020,North Carolina,2020-11-03,Biden,2020-10-11,2020-10-20,Morning Consult,1904,lv,0.8454283,0.2437091,50,49.84815,49.77348,71643,134215
2020,North Carolina,2020-11-03,Biden,2020-10-02,2020-10-11,Morning Consult,1993,lv,0.9278,0.0959775,50,49.84815,49.86258,70758,132367
2020,North Carolina,2020-11-03,Biden,2020-08-21,2020-08-30,Morning Consult,1567,lv,0.7512193,0,49,48.84819,49.98857,68295,127916
2020,North Carolina,2020-11-03,Biden,2020-08-07,2020-08-16,Morning Consult,1493,lv,0.9235623,0,49,48.84819,49.84546,68284,127905
2020,North Carolina,2020-11-03,Biden,2020-08-14,2020-08-23,Morning Consult,1541,lv,0.8652651,0,49,48.84819,49.91556,68178,127696
2020,North Carolina,1930-06-02,Biden,2020-05-17,2020-05-26,Morning Consult,1403,lv,1.074904,0,46,45.84879,47.94419,67799,126885
2020,North Carolina,2020-11-03,Biden,2020-07-17,2020-07-26,Morning Consult,1504,lv,1.099591,0,47,46.84851,48.03346,67691,126755
2020,Pennsylvania,2020-11-03,Biden,2020-10-13,2020-10-20,Muhlenberg College,416,lv,0.8795891,0.344908,51,50.76825,50.75404,71736,134408
2020,Pennsylvania,2020-11-03,Biden,2020-08-11,2020-08-17,Muhlenberg College,416,lv,0.8952302,0,49,48.76827,49.77896,68138,127631
2020,Pennsylvania,2020-11-03,Biden,2020-08-02,2020-08-04,OnMessage Inc.,400,lv,0.5514615,0,50,51.21359,52.31232,68115,127579
2020,Pennsylvania,2020-11-03,Biden,2020-10-25,2020-10-25,Opinion Savvy/InsiderAdvantage,400,lv,0.5188181,0.40331090000000003,45.5,46.92356,46.90091,71969,134912
2020,Pennsylvania,2020-11-03,Biden,2020-10-12,2020-10-13,Opinion Savvy/InsiderAdvantage,400,lv,0.6001908,0.1826773,45.8,47.22436,47.17924,71099,133095
2020,Pennsylvania,2020-11-03,Biden,2020-10-21,2020-10-22,Public Policy Polling,890,v,0.7324647,0.3803294,51,49.69312,49.60751,71678,134285
2020,North Carolina,2020-11-03,Biden,2020-10-26,2020-10-27,Public Policy,937,v,0.9492856,0.8254917,51,49.85094,49.84616,72057,135090
2020,North Carolina,2020-11-03,Biden,2020-10-04,2020-10-05,Public Policy Polling,911,v,1.22716,0.0651589,50,49.32602,49.42479,70576,131666
2020,North Carolina,2020-11-03,Biden,2020-07-30,2020-07-31,Public Policy Polling,934,v,0.7350445,0,49,47.85161,48.99701,67985,127305
2020,North Carolina,1899-12-30,Biden,2020-07-23,2020-07-24,Public Policy Polling,884,v,0.6633006,0,49,47.85161,49.04854,67789,126872
2020,North Carolina,2020-11-03,Biden,2020-07-07,2020-07-08,Public Policy Polling,818,v,0.9859976,0,50,49.32602,50.51114,67044,125267
2020,Pennsylvania,2020-11-03,Biden,2020-10-23,2020-10-27,Quinnipiac University,1324,lv,1.659661,1.286813,51,49.90831,49.87751,72222,135487
2020,Pennsylvania,2020-11-03,Biden,2020-10-16,2020-10-19,Quinnipiac University,1241,lv,1.510332,0.6092092,51,49.90831,49.83975,71555,134042
2020,Pennsylvania,2020-11-03,Biden,2020-10-01,2020-10-05,Quinnipiac University,1211,lv,1.664769,0.1642187,54,52.91157,53.04825,70649,132109
2020,Pennsylvania,2020-11-03,Biden,2020-08-28,2020-09-01,Quinnipiac University,1107,lv,1.636533,0,52,50.90884,52.0364,68466,128167
2020,Pennsylvania,2020-11-03,Biden,2020-10-18,2020-10-19,Rasmussen Reports/Pulse Opinion Research,800,lv,0.7878715,0.3413029,50,50.41825,50.3406,71457,133838
2020,Pennsylvania,2020-11-03,Biden,2020-08-25,2020-08-27,Rasmussen Reports/Pulse Opinion Research,1000,lv,1.034299,0,47.82,48.23784,49.39486,68461,128152
2020,Pennsylvania,2020-11-03,Biden,2020-07-15,2020-07-16,Rasmussen Reports/Pulse Opinion Research,750,lv,0.8990448,0,51,51.4181,52.69289,67600,126475
2020,North Carolina,2020-11-03,Biden,2020-10-20,2020-10-21,Rasmussen Reports/Pulse Opinion Research,800,lv,0.772267,0.3594338,48,48.5744,48.50755,71662,134249
2020,North Carolina,2020-11-03,Biden,2020-09-07,2020-09-08,Rasmussen Reports/Pulse Opinion Research,1000,lv,1.034299,0,47.94,48.51437,49.59297,69408,129258
2020,North Carolina,2020-11-03,Biden,2020-08-06,2020-08-07,Rasmussen Reports/Pulse Opinion Research,750,lv,0.8990448,0,47.26,47.83395,48.9149,67984,127302
2020,Pennsylvania,2020-11-03,Biden,2020-10-04,2020-10-06,Redfield & Wilton Strategies,927,lv,0.4569446,0.0530524,49,49.72314,49.80518,70709,132263
2020,Pennsylvania,2020-11-03,Biden,2020-09-23,2020-09-25,Redfield & Wilton Strategies,1015,lv,0.6559113,0,50,50.72319,51.33795,70126,130653
2020,Pennsylvania,2020-11-03,Biden,2020-09-12,2020-09-14,Redfield & Wilton Strategies,1036,lv,0.6157321,0,49,49.72314,50.66599,69546,129564
2020,Pennsylvania,2020-11-03,Biden,2020-08-16,2020-08-17,Redfield & Wilton Strategies,1006,lv,0.8404686,0,48,48.72272,49.71105,68157,127658
2020,Pennsylvania,2020-11-03,Biden,2020-07-19,2020-07-21,Redfield & Wilton Strategies,1016,lv,0.8434952,0,48,48.72272,49.95597,67841,126985
2020,North Carolina,2020-11-03,Biden,2020-10-04,2020-10-06,Redfield & Wilton Strategies,938,lv,0.4888562,0.0228328,49,50.11975,50.20273,70707,132261
2020,North Carolina,2020-11-03,Biden,2020-09-23,2020-09-26,Redfield & Wilton Strategies,1097,lv,0.6668124,0,47,48.11811,48.74291,70124,130651
2020,North Carolina,2020-11-03,Biden,2020-08-30,2020-09-03,Redfield & Wilton Strategies,951,lv,0.6910198,0,43,44.10795,45.24002,68523,128288
2020,North Carolina,2020-11-03,Biden,2020-08-16,2020-08-17,Redfield & Wilton Strategies,967,lv,0.8282902,0,44,45.11135,46.13823,68156,127657
2020,North Carolina,2020-11-03,Biden,2020-07-19,2020-07-21,Redfield & Wilton Strategies,919,lv,0.8124298,0,43,44.10795,45.30535,67839,126983
2020,North Carolina,2020-11-03,Biden,2020-06-14,2020-06-17,Redfield & Wilton Strategies,902,lv,0.8065658,0,46,47.11643,48.23368,66905,124932
2020,Pennsylvania,2020-11-03,Biden,2020-10-25,2020-10-27,RMG Research,800,lv,0.8138771,0.6569993,51,51.44563,51.43074,72169,135361
2020,Pennsylvania,2020-11-03,Biden,2020-10-07,2020-10-12,RMG Research,800,lv,0.8066381,0.1876525,49,49.44573,49.45204,70988,132833
2020,North Carolina,2020-11-03,Biden,2020-10-24,2020-10-26,RMG Research,800,lv,0.8138771,0.6546736,48,48.77704,48.75361,72054,135084
2020,North Carolina,2020-11-03,Biden,2020-10-07,2020-10-11,RMG Research,800,lv,0.8106462,0.1397044,47,47.77621,47.7742,70797,132449
2020,Pennsylvania,2020-11-03,Biden,2020-09-30,2020-10-02,Siena College/The New York Times Upshot,706,lv,1.443402,0.0952916,49,49.56757,49.75958,70501,131409
2020,Pennsylvania,2020-11-03,Biden,2020-09-25,2020-09-27,Siena College/The New York Times Upshot,711,lv,1.453092,0,49,49.56757,50.12949,70017,130426
2020,Pennsylvania,2020-11-03,Biden,2020-07-15,2020-07-20,Spry Strategies,700,lv,0.7138253,0,47.02,48.81589,50.07093,67628,126528
2020,North Carolina,2020-11-03,Biden,2020-07-12,2020-07-16,Spry Strategies,700,lv,0.7138253,0,45.52,47.18867,48.39563,67627,126527
2020,Pennsylvania,2020-11-03,Biden,2020-10-15,2020-10-20,SSRS,843,lv,1.169078,0.493046,53,52.09893,52.03399,71564,134058
2020,North Carolina,2020-11-03,Biden,2020-10-23,2020-10-30,SSRS,901,lv,1.216466,1.057829,51,50.19704,50.17222,72418,135883
2020,North Carolina,2020-11-03,Biden,2020-09-09,2020-09-13,SSRS,787,lv,1.120816,0,49,48.19737,49.22852,69462,129368
2020,Pennsylvania,2020-11-03,Biden,2020-10-15,2020-10-19,Suffolk University,500,lv,1.00103,0.3946089,48.6,49.06382,49.008540000000004,71533,133979
2020,North Carolina,2020-11-03,Biden,2020-09-11,2020-09-14,Suffolk University,500,lv,1.00103,0,46.8,47.10757,48.11973,69504,129473
2020,Pennsylvania,2020-11-03,Biden,2020-10-01,2020-10-28,SurveyMonkey,1,lv,0.4175465,0.1340907,52,50.68518,50.64987,72254,135594
2020,Pennsylvania,2020-11-03,Biden,2020-09-30,2020-10-27,SurveyMonkey,10250,lv,0.0281149,0.0085503,52,50.68518,50.65254,72100,135227
2020,Pennsylvania,2020-11-03,Biden,2020-09-28,2020-10-25,SurveyMonkey,9986,lv,0.0694859,0.0157106,52,50.68518,50.68615,71990,134993
2020,Pennsylvania,2020-11-03,Biden,2020-09-27,2020-10-24,SurveyMonkey,9903,lv,0.0367122,0.0077331,52,50.68518,50.69996,71905,134819
2020,Pennsylvania,2020-11-03,Biden,2020-09-26,2020-10-23,SurveyMonkey,9777,lv,0.039128,0.0076056,52,50.68518,50.71483,71838,134684
2020,Pennsylvania,2020-11-03,Biden,2020-09-25,2020-10-22,SurveyMonkey,9615,lv,0.0476144,0.006119,52,50.68518,50.77949,71777,134553
2020,Pennsylvania,2020-11-03,Biden,2020-09-24,2020-10-21,SurveyMonkey,9301,lv,0.0464236,0.0055268,52,50.68518,50.79485,71694,134354
2020,Pennsylvania,2020-11-03,Biden,2020-09-22,2020-10-20,SurveyMonkey,9131,lv,0.089875,0.0097267,52,50.68518,50.81253,71581,134129
2020,Pennsylvania,2020-11-03,Biden,2020-09-21,2020-10-19,SurveyMonkey,8803,lv,0.0452541,0.0043384,52,50.68518,50.83089,71479,133917
2020,Pennsylvania,2020-11-03,Biden,2020-09-21,2020-10-18,SurveyMonkey,8532,lv,0,0,53,51.68642,51.85089,71394,133733
2020,Pennsylvania,2020-11-03,Biden,2020-09-19,2020-10-17,SurveyMonkey,8360,lv,0.0942056,0.0064614,53,51.68642,51.87418,71312,133572
2020,Pennsylvania,2020-11-03,Biden,2020-09-19,2020-10-16,SurveyMonkey,8250,lv,0,0,53,51.68642,51.89918,71254,133455
2020,Pennsylvania,2020-11-03,Biden,2020-09-18,2020-10-15,SurveyMonkey,7804,lv,0.0514985,0.0021273,53,51.68642,51.92569,71193,133328
2020,Pennsylvania,2020-11-03,Biden,2020-09-17,2020-10-14,SurveyMonkey,7258,lv,0.0514726,0.0014234,52,50.68518,50.95111,71119,133178
2020,Pennsylvania,2020-11-03,Biden,2020-09-16,2020-10-13,SurveyMonkey,6946,lv,0.0538964,7.444e-4,52,50.68518,50.97828,71025,132971
2020,Pennsylvania,2020-11-03,Biden,2020-09-15,2020-10-12,SurveyMonkey,6613,lv,0.0548532,0,52,50.68518,51.00731,70963,132793
2020,Pennsylvania,2020-11-03,Biden,2020-06-08,2020-06-30,SurveyMonkey,2184,lv,0.6113764,0,50.14,48.82467,50.0032,70459,131313
2020,Pennsylvania,2020-11-03,Biden,2020-07-01,2020-07-31,SurveyMonkey,4208,lv,0.6495393,0,50.29,48.97462,50.28554,70409,131211
2020,Pennsylvania,2020-11-03,Biden,2020-08-01,2020-08-31,SurveyMonkey,3531,lv,0.641258,0,52.76,51.44606,52.54606,70359,131109
2020,Pennsylvania,2020-11-03,Biden,2020-09-01,2020-09-30,SurveyMonkey,4613,lv,0.5576418,0,51.74,50.42497,51.25911,70307,131002
2020,North Carolina,2020-11-03,Biden,2020-10-16,2020-10-29,SurveyMonkey,5356,lv,0.034702,0.0214054,51,49.35719,49.33493,72368,135808
2020,North Carolina,2020-11-03,Biden,2020-09-30,2020-10-27,SurveyMonkey,8354,lv,0.027237,0.007383,51,49.35719,49.32861,72111,135238
2020,North Carolina,2020-11-03,Biden,2020-09-27,2020-10-25,SurveyMonkey,7766,lv,0.0952857,0.017224,52,50.35776,50.35212,72001,135004
2020,North Carolina,2020-11-03,Biden,2020-09-27,2020-10-24,SurveyMonkey,7620,lv,0,0,52,50.35776,50.36425,71916,134830
2020,North Carolina,2020-11-03,Biden,2020-09-25,2020-10-23,SurveyMonkey,7530,lv,0.0723681,0.0104121,52,50.35776,50.3774,71849,134695
2020,North Carolina,2020-11-03,Biden,2020-09-25,2020-10-22,SurveyMonkey,7271,lv,0,0,52,50.35776,50.43579,71788,134564
2020,North Carolina,2020-11-03,Biden,2020-09-24,2020-10-21,SurveyMonkey,7119,lv,0.0468773,0.0026509,52,50.35776,50.45454,71705,134365
2020,North Carolina,2020-11-03,Biden,2020-09-23,2020-10-20,SurveyMonkey,6850,lv,0.0461326,0.0019437,52,50.35776,50.47496,71592,134140
2020,North Carolina,2020-11-03,Biden,2020-09-21,2020-10-19,SurveyMonkey,6483,lv,0.087368,0.0023439,52,50.35776,50.496339999999996,71490,133928
2020,North Carolina,2020-11-03,Biden,2020-09-21,2020-10-18,SurveyMonkey,6225,lv,0,0,52,50.35776,50.51808,71405,133745
2020,North Carolina,2020-11-03,Biden,2020-09-20,2020-10-17,SurveyMonkey,6100,lv,0.0469036,0,52,50.35776,50.54639,71323,133583
2020,North Carolina,2020-11-03,Biden,2020-09-19,2020-10-16,SurveyMonkey,5989,lv,0.0483673,0,52,50.35776,50.5706,71265,133466
2020,North Carolina,2020-11-03,Biden,2020-09-18,2020-10-15,SurveyMonkey,5735,lv,0.0493451,0,52,50.35776,50.59957,71204,133339
2020,North Carolina,2020-11-03,Biden,2020-09-15,2020-10-12,SurveyMonkey,4912,lv,0,0,52,50.35776,50.69674,70958,132788
2020,North Carolina,2020-11-03,Biden,2020-06-08,2020-06-30,SurveyMonkey,1498,lv,0.5789885,0,49.22,47.57825,48.6743,70470,131324
2020,North Carolina,2020-11-03,Biden,2020-07-01,2020-07-31,SurveyMonkey,3466,lv,0.6403064,0,48.59,46.94926,48.19425,70419,131222
2020,North Carolina,2020-11-03,Biden,2020-08-01,2020-08-31,SurveyMonkey,2914,lv,0.6306757,0,48,46.36051,47.4614,70369,131120
2020,North Carolina,2020-11-03,Biden,2020-09-01,2020-09-30,SurveyMonkey,3475,lv,0.5397518,0,52.21,50.56799,51.45257,70318,131013
2020,North Carolina,2020-11-03,Biden,2020-10-23,2020-10-26,SurveyUSA,627,lv,1.253385,1.008209,48,47.55069,47.54078,72061,135097
2020,North Carolina,2020-11-03,Biden,2020-10-08,2020-10-11,SurveyUSA,669,lv,1.314094,0.2782566,50,49.55013,49.53636,70743,132432
2020,North Carolina,2020-11-03,Biden,2020-09-10,2020-09-13,SurveyUSA,596,lv,1.198986,0,47,46.55131,47.5979,69444,129337
2020,North Carolina,2020-11-03,Biden,2020-10-07,2020-10-11,Susquehanna Polling & Research Inc.,500,lv,0.6815998,0.1176212,48,48.36422,48.36791,70990,132847
2020,Pennsylvania,1900-01-19,Biden,2020-10-23,2020-10-26,Swayable,491,l,0.2296114,0.1783648,51.9,51.66276,51.64037,72307,135647
2020,Pennsylvania,2020-11-03,Biden,2020-09-03,2020-09-06,TargetSmart/William & Mary,835,lv,0.8708358,0,51,50.74911,51.80082,69392,129237
2020,Pennsylvania,2020-11-03,Biden,2020-10-13,2020-10-15,Trafalgar Group,1041,lv,0.3471905,0.1063408,47.5,49.9457,49.88797,71366,133641
2020,Pennsylvania,2020-11-03,Biden,2020-10-10,2020-10-12,Trafalgar Group,1034,lv,0.3652195,0.0974395,47.4,49.84554,49.80641,70773,132394
2020,Pennsylvania,2020-11-03,Biden,2020-09-18,2020-09-21,Trafalgar Group,1006,lv,0.4208126,0,48.1,50.54643,51.3217,69966,130296
2020,Pennsylvania,2020-11-03,Biden,2020-09-15,2020-09-17,Trafalgar Group,1006,lv,0.4208126,0,47.3,49.74536,50.63671,69568,129614
2020,Pennsylvania,2020-11-03,Biden,2020-06-29,2020-07-02,Trafalgar Group,1062,lv,0.6611881,0,48,50.44634,51.64483,66997,125183
2020,North Carolina,2020-11-03,Biden,2020-10-20,2020-10-22,Trafalgar Group,1098,lv,0.5136473,0.2365379,46,48.00235,47.93728,71891,134752
2020,North Carolina,2020-11-03,Biden,2020-09-09,2020-09-11,Trafalgar Group,1046,lv,0.6584518,0,46.1,48.10265,49.15794,69442,129335
2020,North Carolina,2020-11-03,Biden,2020-09-18,2020-09-25,University of Massachusetts Lowell,921,lv,1.369749,0,47.5,47.82693,48.58702,70044,130466
2020,Pennsylvania,2020-11-03,Biden,2020-10-17,2020-10-25,Univision/Latino Decisions/North Star Opinion Research,723,rv,0.7916517,0.4646651,50,50.76165,50.70881,72150,135277
2020,Pennsylvania,2020-11-03,Biden,2020-10-05,2020-10-09,Whitman Insight Strategies,517,lv,0.6249694,0.1249939,51,50.87439,50.91649,70736,132328
2020,Pennsylvania,2020-11-03,Biden,2020-10-13,2020-10-21,YouGov,669,lv,0.4928795,0.1858421,52,51.93066,51.88079,71947,134866
2020,Pennsylvania,2020-11-03,Biden,2020-09-30,2020-10-02,YouGov,1187,lv,1.099269,0.0666887,51,50.93061,51.13213,70548,131595
2020,Pennsylvania,2020-11-03,Biden,2020-09-10,2020-09-21,YouGov,642,lv,0.9724195,0,49,48.93061,49.83854,69715,130005
2020,Pennsylvania,2020-11-03,Biden,2020-07-27,2020-08-06,YouGov,742,rv,0.6734251,0,50,50.81877,51.94977,67969,127273
2020,Pennsylvania,2020-11-03,Biden,2020-08-04,2020-08-07,YouGov,1211,lv,1.190209,0,49,48.93061,50.00671,67962,127266
2020,North Carolina,2020-11-03,Biden,2020-10-20,2020-10-23,YouGov,1022,lv,1.082115,0.6437211,51,50.99104,50.94944,71889,134747
2020,North Carolina,2020-11-03,Biden,2020-09-22,2020-09-25,YouGov,1213,lv,1.411611,0,48,47.99105,48.6738,69992,130352
2020,North Carolina,2020-11-03,Biden,2020-07-28,2020-07-31,YouGov,1129,lv,1.360219,0,48,47.99105,49.14478,67859,127044
2020,Pennsylvania,2020-11-03,Biden,2020-07-21,2020-07-23,Zogby Interactive/JZ Analytics,809,lv,0.9108042,0,44,45.61366,46.83666,67916,127142
2020,North Carolina,2020-11-03,Biden,2020-07-21,2020-07-23,Zogby Interactive/JZ Analytics,809,lv,0.9108042,0,44,45.16585,46.36098,67917,127143
